seed,landing_time_h,lander,pad,item_id,owner,mass_kg,dest,ready_time_h,priority,class,return_mass_kg,return_lag_h
0,144.782,CLPS,PAD_B,0,NASA,308.1,BASE,156.177,1,consumables,0.0,0.0
0,144.782,CLPS,PAD_B,1,CoA,102.3,BASE,162.109,1,consumables,0.0,0.0
0,144.782,CLPS,PAD_B,2,CoC,32.6,BASE,164.269,1,consumables,0.0,0.0
0,7124.247,CLPS,PAD_B,3,NASA,134.5,BASE,7140.535,2,science,0.0,0.0
0,7124.247,CLPS,PAD_B,4,NASA,89.6,BASE,7141.715,1,consumables,47.7,592.3
0,7146.877,MK1,PAD_B,5,NASA,174.3,BASE,7177.989,1,consumables,38.5,362.7
0,7146.877,MK1,PAD_B,6,CoC,90.9,BASE,7163.916,1,consumables,0.0,0.0
0,7146.877,MK1,PAD_B,7,CoA,24.8,PSR,7169.946,2,science,0.0,0.0
0,7146.877,MK1,PAD_B,8,CoA,69.5,PSR,7170.668,2,science,0.0,0.0
0,7146.877,MK1,PAD_B,9,CoC,84.1,PSR,7177.505,2,science,0.0,0.0
0,7146.877,MK1,PAD_B,10,CoB,307.9,DEPOT,7180.854,1,consumables,0.0,0.0
0,7146.877,MK1,PAD_B,11,NASA,390.7,DEPOT,7171.897,1,consumables,203.5,674.1
0,7146.877,MK1,PAD_B,12,CoA,243.2,BASE,7178.195,1,consumables,0.0,0.0
0,7146.877,MK1,PAD_B,13,NASA,304.5,BASE,7173.183,1,consumables,0.0,0.0
0,7146.877,MK1,PAD_B,14,NASA,346.0,BASE,7184.313,1,consumables,0.0,0.0
0,7146.877,MK1,PAD_B,15,NASA,142.2,DEPOT,7164.366,1,consumables,61.8,452.5
0,7146.877,MK1,PAD_B,16,CoB,61.3,BASE,7184.645,1,consumables,0.0,0.0
0,8191.234,MK1,PAD_A,17,CoA,1742.1,CONSTR,8225.073,2,equipment,921.7,369.2
0,8191.234,MK1,PAD_A,18,CoA,184.1,BASE,8220.348,1,consumables,0.0,0.0
0,8191.234,MK1,PAD_A,19,NASA,354.0,BASE,8214.049,1,consumables,0.0,0.0
0,8191.234,MK1,PAD_A,20,CoA,272.4,BASE,8216.241,1,consumables,0.0,0.0
1,241.418,CLPS,PAD_B,0,CoB,197.1,BASE,260.924,1,consumables,77.7,708.4
1,241.418,CLPS,PAD_B,1,NASA,84.3,BASE,256.957,1,consumables,37.9,586.0
1,3584.584,CLPS,PAD_B,2,CoC,239.7,BASE,3602.128,1,consumables,0.0,0.0
1,3584.584,CLPS,PAD_B,3,CoA,105.5,DEPOT,3604.389,1,consumables,55.7,530.0
1,4814.441,CLPS,PAD_B,4,CoA,332.8,BASE,4835.835,1,consumables,0.0,0.0
1,4814.441,CLPS,PAD_B,5,NASA,48.4,SCI_1,4835.731,2,science,13.8,503.6
1,4814.441,CLPS,PAD_B,6,CoA,33.7,DEPOT,4831.552,1,consumables,15.8,671.5
1,6600.775,CLPS,PAD_A,7,CoB,349.1,POWER,6607.904,2,equipment,0.0,0.0
1,6600.775,CLPS,PAD_A,8,CoB,81.6,BASE,6610.239,1,consumables,0.0,0.0
1,7250.675,CLPS,PAD_A,9,CoB,102.3,BASE,7269.73,1,consumables,0.0,0.0
2,1646.013,CLPS,PAD_B,0,NASA,378.3,CONSTR,1661.213,2,equipment,0.0,0.0
2,3789.846,MK1,PAD_A,1,CoA,374.2,BASE,3804.355,1,consumables,207.2,527.9
2,3789.846,MK1,PAD_A,2,NASA,991.1,ISRU,3822.787,2,equipment,0.0,0.0
2,3789.846,MK1,PAD_A,3,CoA,1709.9,ISRU,3814.894,2,equipment,410.9,143.2
2,5256.881,CLPS,PAD_A,4,NASA,135.7,BASE,5280.407,2,science,0.0,0.0
2,5256.881,CLPS,PAD_A,5,NASA,245.1,BASE,5273.999,1,consumables,51.0,619.8
2,5863.044,MK1,PAD_B,6,NASA,78.4,PSR,5897.541,2,science,0.0,0.0
2,5863.044,MK1,PAD_B,7,CoA,1349.4,ISRU,5891.831,2,equipment,0.0,0.0
2,5863.044,MK1,PAD_B,8,NASA,160.7,DEPOT,5875.852,1,consumables,32.8,616.5
2,5863.044,MK1,PAD_B,9,NASA,79.5,DEPOT,5876.971,1,consumables,0.0,0.0
2,5863.044,MK1,PAD_B,10,NASA,83.3,SCI_1,5881.082,2,science,0.0,0.0
2,5863.044,MK1,PAD_B,11,NASA,268.5,BASE,5877.721,1,consumables,114.2,582.4
2,5863.044,MK1,PAD_B,12,CoC,122.8,BASE,5898.224,1,consumables,0.0,0.0
2,6382.19,CLPS,PAD_B,13,NASA,392.1,BASE,6399.364,1,consumables,0.0,0.0
2,6382.19,CLPS,PAD_B,14,NASA,25.4,DEPOT,6402.704,1,consumables,0.0,0.0
3,824.567,CLPS,PAD_A,0,NASA,70.3,PSR,847.78,2,science,32.3,537.7
3,824.567,CLPS,PAD_A,1,NASA,60.5,DEPOT,846.868,1,consumables,0.0,0.0
3,824.567,CLPS,PAD_A,2,NASA,118.3,SCI_1,837.803,2,science,54.9,678.9
3,824.567,CLPS,PAD_A,3,NASA,20.0,BASE,835.254,1,consumables,0.0,0.0
3,5099.739,CLPS,PAD_A,4,CoA,363.1,BASE,5121.552,1,consumables,196.0,356.4
3,6434.896,MK1,PAD_A,5,NASA,297.5,BASE,6460.379,1,consumables,0.0,0.0
3,6434.896,MK1,PAD_A,6,NASA,634.3,CONSTR,6465.199,2,equipment,0.0,0.0
3,6434.896,MK1,PAD_A,7,CoC,349.3,BASE,6461.961,1,consumables,0.0,0.0
3,6434.896,MK1,PAD_A,8,CoA,1198.6,BASE,6449.683,1,consumables,342.3,635.2
4,1528.864,CLPS,PAD_A,0,NASA,267.0,BASE,1537.265,1,consumables,0.0,0.0
4,1528.864,CLPS,PAD_A,1,CoA,80.0,BASE,1539.142,2,science,0.0,0.0
4,1528.864,CLPS,PAD_A,2,CoC,124.6,BASE,1544.215,1,consumables,0.0,0.0
4,4764.927,CLPS,PAD_A,3,CoC,295.5,BASE,4779.205,1,consumables,0.0,0.0
4,7024.655,CLPS,PAD_B,4,CoA,168.3,DEPOT,7031.41,1,consumables,0.0,0.0
4,7635.525,CLPS,PAD_A,5,CoA,187.9,BASE,7649.255,1,consumables,0.0,0.0
4,7635.525,CLPS,PAD_A,6,NASA,53.0,BASE,7657.551,2,science,0.0,0.0
4,7635.525,CLPS,PAD_A,7,NASA,86.8,BASE,7646.3,1,consumables,0.0,0.0
4,7903.404,CLPS,PAD_A,8,NASA,128.6,BASE,7916.07,1,consumables,0.0,0.0
4,8487.852,MK1,PAD_B,9,CoA,1266.0,ISRU,8505.255,2,equipment,447.3,408.6
4,8487.852,MK1,PAD_B,10,CoA,287.0,BASE,8522.539,1,consumables,0.0,0.0
4,8487.852,MK1,PAD_B,11,CoA,109.8,BASE,8518.479,1,consumables,0.0,0.0
4,8487.852,MK1,PAD_B,12,NASA,113.5,SCI_1,8510.57,2,science,0.0,0.0
4,8487.852,MK1,PAD_B,13,NASA,314.0,CONSTR,8522.415,2,equipment,0.0,0.0
4,8487.852,MK1,PAD_B,14,CoB,245.2,BASE,8513.71,1,consumables,0.0,0.0
5,396.611,CLPS,PAD_A,0,CoC,79.0,PSR,407.497,2,science,0.0,0.0
5,396.611,CLPS,PAD_A,1,CoA,195.0,DEPOT,418.979,1,consumables,0.0,0.0
5,427.118,CLPS,PAD_B,2,CoC,107.4,BASE,438.967,1,consumables,0.0,0.0
5,3358.311,CLPS,PAD_A,3,NASA,226.6,BASE,3368.551,1,consumables,0.0,0.0
5,3578.225,CLPS,PAD_B,4,NASA,80.9,SCI_1,3585.77,2,science,0.0,0.0
5,3578.225,CLPS,PAD_B,5,CoC,143.1,SCI_1,3594.486,2,science,71.1,524.6
5,3578.225,CLPS,PAD_B,6,CoA,195.9,BASE,3597.185,1,consumables,0.0,0.0
6,453.148,CLPS,PAD_B,0,NASA,123.4,BASE,468.866,1,consumables,67.4,203.8
6,453.148,CLPS,PAD_B,1,CoB,92.2,SCI_1,467.573,2,science,0.0,0.0
6,453.148,CLPS,PAD_B,2,CoC,135.5,BASE,475.511,1,consumables,74.1,616.7
6,1077.238,CLPS,PAD_B,3,CoA,141.2,BASE,1095.705,1,consumables,0.0,0.0
6,1077.238,CLPS,PAD_B,4,NASA,145.7,DEPOT,1088.425,1,consumables,0.0,0.0
6,1077.238,CLPS,PAD_B,5,CoC,86.0,BASE,1094.398,2,science,32.7,712.5
6,1077.238,CLPS,PAD_B,6,CoA,85.0,DEPOT,1091.144,1,consumables,0.0,0.0
6,1817.168,MK1,PAD_B,7,NASA,833.2,POWER,1849.207,2,equipment,408.0,604.9
6,1817.168,MK1,PAD_B,8,CoC,76.6,PSR,1852.385,2,science,0.0,0.0
6,1817.168,MK1,PAD_B,9,CoB,385.5,BASE,1849.262,1,consumables,224.2,359.8
6,1817.168,MK1,PAD_B,10,CoA,162.2,BASE,1836.765,1,consumables,0.0,0.0
6,1817.168,MK1,PAD_B,11,NASA,27.5,PSR,1853.27,2,science,11.8,224.1
6,1817.168,MK1,PAD_B,12,NASA,713.6,BASE,1836.649,1,consumables,0.0,0.0
6,2890.48,CLPS,PAD_B,13,CoA,461.4,CONSTR,2897.894,2,equipment,0.0,0.0
6,5907.078,CLPS,PAD_A,14,CoA,106.7,SCI_1,5929.214,2,science,0.0,0.0
6,5907.078,CLPS,PAD_A,15,CoC,58.8,SCI_1,5923.38,2,science,0.0,0.0
6,5907.078,CLPS,PAD_A,16,CoC,317.0,BASE,5913.793,1,consumables,0.0,0.0
6,5956.079,CLPS,PAD_B,17,NASA,148.2,DEPOT,5974.081,1,consumables,0.0,0.0
6,5956.079,CLPS,PAD_B,18,NASA,47.1,BASE,5978.467,1,consumables,0.0,0.0
6,7444.823,MK1,PAD_B,19,CoA,237.6,BASE,7458.297,1,consumables,0.0,0.0
6,7444.823,MK1,PAD_B,20,CoC,115.5,SCI_1,7461.258,2,science,34.5,205.3
6,7444.823,MK1,PAD_B,21,NASA,1732.7,CONSTR,7464.544,2,equipment,0.0,0.0
6,7444.823,MK1,PAD_B,22,NASA,258.1,BASE,7468.328,1,consumables,0.0,0.0
6,7444.823,MK1,PAD_B,23,CoA,170.8,BASE,7475.501,1,consumables,0.0,0.0
6,7444.823,MK1,PAD_B,24,CoC,292.3,BASE,7464.22,1,consumables,0.0,0.0
7,312.559,MK1,PAD_A,0,CoC,1174.0,ISRU,329.177,2,equipment,0.0,0.0
7,312.559,MK1,PAD_A,1,NASA,185.6,BASE,328.516,1,consumables,102.5,425.9
7,312.559,MK1,PAD_A,2,CoA,1561.0,CONSTR,345.971,2,equipment,0.0,0.0
7,384.932,MK1,PAD_B,3,CoA,191.8,BASE,416.524,1,consumables,0.0,0.0
7,384.932,MK1,PAD_B,4,CoC,1328.6,ISRU,407.75,2,equipment,479.6,178.0
7,384.932,MK1,PAD_B,5,NASA,288.4,BASE,413.325,1,consumables,155.2,687.0
7,384.932,MK1,PAD_B,6,NASA,547.3,CONSTR,402.015,2,equipment,0.0,0.0
7,384.932,MK1,PAD_B,7,CoA,242.1,BASE,403.68,1,consumables,133.3,400.6
7,1403.457,MK1,PAD_B,8,CoB,315.5,BASE,1418.407,1,consumables,0.0,0.0
7,1403.457,MK1,PAD_B,9,NASA,1028.0,ISRU,1423.968,2,equipment,0.0,0.0
7,1403.457,MK1,PAD_B,10,CoB,904.2,ISRU,1419.583,2,equipment,0.0,0.0
7,1403.457,MK1,PAD_B,11,CoC,316.0,DEPOT,1426.261,1,consumables,0.0,0.0
7,2232.658,CLPS,PAD_B,12,NASA,105.7,BASE,2242.231,1,consumables,0.0,0.0
7,2439.008,CLPS,PAD_A,13,NASA,142.7,PSR,2449.896,2,science,0.0,0.0
7,2439.008,CLPS,PAD_A,14,CoC,29.0,BASE,2458.628,1,consumables,0.0,0.0
7,2654.564,CLPS,PAD_A,15,CoC,139.2,SCI_1,2669.915,2,science,0.0,0.0
7,2654.564,CLPS,PAD_A,16,NASA,131.5,BASE,2678.302,1,consumables,0.0,0.0
7,4099.11,CLPS,PAD_B,17,CoA,77.2,BASE,4120.233,1,consumables,34.1,407.5
7,4099.11,CLPS,PAD_B,18,CoB,182.1,BASE,4116.666,1,consumables,0.0,0.0
7,5365.847,MK1,PAD_A,19,NASA,199.9,BASE,5395.367,1,consumables,113.0,601.2
7,5365.847,MK1,PAD_A,20,NASA,138.2,SCI_1,5384.163,2,science,38.0,460.2
7,5365.847,MK1,PAD_A,21,NASA,260.7,BASE,5378.853,1,consumables,0.0,0.0
7,5365.847,MK1,PAD_A,22,NASA,123.6,PSR,5392.382,2,science,64.4,696.0
7,5365.847,MK1,PAD_A,23,NASA,175.1,BASE,5393.886,1,consumables,0.0,0.0
7,5365.847,MK1,PAD_A,24,CoB,353.4,BASE,5400.28,1,consumables,151.8,503.2
7,5365.847,MK1,PAD_A,25,CoB,463.6,ISRU,5399.12,2,equipment,0.0,0.0
7,5365.847,MK1,PAD_A,26,NASA,305.5,DEPOT,5380.238,1,consumables,0.0,0.0
7,5365.847,MK1,PAD_A,27,NASA,251.7,DEPOT,5385.914,1,consumables,0.0,0.0
7,6982.328,CLPS,PAD_B,28,CoA,189.4,BASE,6995.112,1,consumables,0.0,0.0
7,6982.328,CLPS,PAD_B,29,CoB,40.1,SCI_1,6996.812,2,science,20.1,467.4
7,6982.328,CLPS,PAD_B,30,CoA,86.4,BASE,6991.181,1,consumables,48.6,281.5
7,6982.328,CLPS,PAD_B,31,NASA,47.0,BASE,6996.905,1,consumables,0.0,0.0
7,7193.961,CLPS,PAD_B,32,CoA,250.1,BASE,7212.097,1,consumables,0.0,0.0
8,936.914,CLPS,PAD_A,0,CoB,336.4,DEPOT,948.037,1,consumables,91.7,356.8
8,1618.248,CLPS,PAD_A,1,NASA,257.3,BASE,1626.66,1,consumables,0.0,0.0
8,2114.245,CLPS,PAD_B,2,NASA,74.4,PSR,2137.455,2,science,0.0,0.0
8,2114.245,CLPS,PAD_B,3,NASA,64.0,BASE,2126.093,1,consumables,0.0,0.0
8,2252.592,CLPS,PAD_B,4,CoC,81.4,PSR,2269.941,2,science,36.2,395.4
8,2252.592,CLPS,PAD_B,5,NASA,147.3,BASE,2266.11,1,consumables,0.0,0.0
8,3265.28,CLPS,PAD_B,6,NASA,127.9,BASE,3283.137,1,consumables,0.0,0.0
8,4195.737,CLPS,PAD_A,7,CoA,122.6,BASE,4210.337,1,consumables,0.0,0.0
8,4195.737,CLPS,PAD_A,8,NASA,63.9,BASE,4213.048,1,consumables,24.3,214.6
9,49.284,CLPS,PAD_B,0,CoA,136.9,BASE,56.7,1,consumables,0.0,0.0
9,49.284,CLPS,PAD_B,1,CoB,364.2,CONSTR,66.239,2,equipment,97.5,579.9
9,570.751,CLPS,PAD_B,2,CoA,305.9,BASE,590.828,1,consumables,0.0,0.0
9,570.751,CLPS,PAD_B,3,NASA,63.2,BASE,589.972,1,consumables,22.2,152.8
9,786.042,MK1,PAD_B,4,NASA,1644.6,ISRU,812.997,2,equipment,0.0,0.0
9,786.042,MK1,PAD_B,5,CoB,481.2,BASE,808.056,1,consumables,0.0,0.0
9,2764.687,CLPS,PAD_B,6,CoB,293.9,BASE,2776.645,1,consumables,0.0,0.0
9,3242.352,MK1,PAD_A,7,CoC,28.1,PSR,3261.829,2,science,14.2,429.7
9,3242.352,MK1,PAD_A,8,CoA,126.5,BASE,3267.012,1,consumables,0.0,0.0
9,3242.352,MK1,PAD_A,9,CoA,80.1,PSR,3272.023,2,science,0.0,0.0
9,3242.352,MK1,PAD_A,10,CoB,1133.9,BASE,3267.124,2,equipment,0.0,0.0
9,3242.352,MK1,PAD_A,11,CoC,1696.7,CONSTR,3270.924,2,equipment,857.7,213.3
9,3830.292,CLPS,PAD_A,12,CoC,153.3,BASE,3846.436,1,consumables,50.0,246.9
9,4184.914,MK1,PAD_A,13,NASA,185.9,BASE,4206.61,1,consumables,68.5,342.9
9,4184.914,MK1,PAD_A,14,CoA,512.5,ISRU,4219.874,2,equipment,0.0,0.0
9,4184.914,MK1,PAD_A,15,NASA,195.9,BASE,4219.775,1,consumables,0.0,0.0
9,4184.914,MK1,PAD_A,16,CoC,169.9,BASE,4219.411,1,consumables,0.0,0.0
9,4184.914,MK1,PAD_A,17,NASA,150.2,BASE,4200.736,1,consumables,0.0,0.0
9,4184.914,MK1,PAD_A,18,CoA,233.6,BASE,4209.878,1,consumables,0.0,0.0
9,4184.914,MK1,PAD_A,19,CoB,202.0,BASE,4215.309,1,consumables,0.0,0.0
9,4184.914,MK1,PAD_A,20,NASA,124.7,SCI_1,4217.906,2,science,0.0,0.0
9,4184.914,MK1,PAD_A,21,NASA,304.6,BASE,4202.938,1,consumables,0.0,0.0
9,4184.914,MK1,PAD_A,22,CoA,610.1,BASE,4203.239,1,consumables,0.0,0.0
9,4248.112,CLPS,PAD_B,23,NASA,132.1,BASE,4263.703,1,consumables,0.0,0.0
9,5308.025,MK1,PAD_A,24,CoA,331.5,BASE,5343.817,1,consumables,0.0,0.0
9,5308.025,MK1,PAD_A,25,NASA,1723.8,ISRU,5330.976,2,equipment,0.0,0.0
9,5308.025,MK1,PAD_A,26,CoA,76.2,DEPOT,5336.662,1,consumables,43.6,133.1
9,6873.182,CLPS,PAD_B,27,NASA,363.0,BASE,6888.777,1,consumables,0.0,0.0
9,6873.182,CLPS,PAD_B,28,CoC,149.3,BASE,6896.239,2,science,34.9,514.8
9,6945.435,MK1,PAD_A,29,NASA,279.6,BASE,6975.026,1,consumables,0.0,0.0
9,6945.435,MK1,PAD_A,30,NASA,75.9,SCI_1,6970.639,2,science,23.8,640.9
9,6945.435,MK1,PAD_A,31,NASA,333.2,BASE,6968.898,1,consumables,0.0,0.0
9,6945.435,MK1,PAD_A,32,CoA,37.3,SCI_1,6968.007,2,science,0.0,0.0
9,6945.435,MK1,PAD_A,33,CoA,79.1,PSR,6958.865,2,science,0.0,0.0
9,6945.435,MK1,PAD_A,34,CoA,90.0,DEPOT,6977.894,1,consumables,0.0,0.0
9,6945.435,MK1,PAD_A,35,CoA,191.9,BASE,6973.874,1,consumables,0.0,0.0
9,6945.435,MK1,PAD_A,36,NASA,234.0,BASE,6961.362,1,consumables,0.0,0.0
9,6945.435,MK1,PAD_A,37,NASA,231.1,BASE,6964.347,1,consumables,0.0,0.0
9,6945.435,MK1,PAD_A,38,NASA,636.4,BASE,6962.149,1,consumables,354.4,337.5
9,7276.244,CLPS,PAD_B,39,CoA,495.8,CONSTR,7286.218,2,equipment,154.1,323.6
9,8087.567,MK1,PAD_A,40,CoC,134.2,PSR,8117.728,2,science,0.0,0.0
9,8087.567,MK1,PAD_A,41,NASA,344.7,DEPOT,8101.323,1,consumables,165.5,566.5
9,8087.567,MK1,PAD_A,42,NASA,390.4,BASE,8111.362,1,consumables,0.0,0.0
9,8087.567,MK1,PAD_A,43,CoA,121.6,DEPOT,8120.462,1,consumables,50.7,289.2
9,8087.567,MK1,PAD_A,44,NASA,491.0,POWER,8106.078,2,equipment,0.0,0.0
9,8087.567,MK1,PAD_A,45,NASA,146.4,BASE,8113.656,1,consumables,0.0,0.0
9,8087.567,MK1,PAD_A,46,NASA,107.4,PSR,8120.294,2,science,0.0,0.0
9,8087.567,MK1,PAD_A,47,NASA,72.1,BASE,8123.404,2,science,22.8,371.8
9,8087.567,MK1,PAD_A,48,CoC,353.6,BASE,8104.076,1,consumables,0.0,0.0
9,8087.567,MK1,PAD_A,49,CoC,138.0,PSR,8108.641,2,science,0.0,0.0
9,8613.728,CLPS,PAD_A,50,NASA,162.5,BASE,8629.183,1,consumables,0.0,0.0
9,8613.728,CLPS,PAD_A,51,NASA,32.8,BASE,8628.831,1,consumables,12.2,203.3
10,1190.656,CLPS,PAD_B,0,CoC,330.3,DEPOT,1199.164,1,consumables,0.0,0.0
10,3727.459,CLPS,PAD_B,1,CoA,190.4,BASE,3738.543,1,consumables,0.0,0.0
10,6035.96,CLPS,PAD_A,2,NASA,233.5,BASE,6046.675,1,consumables,59.5,269.4
10,7373.71,CLPS,PAD_B,3,CoA,253.1,BASE,7382.384,1,consumables,0.0,0.0
11,616.884,CLPS,PAD_B,0,NASA,106.9,BASE,637.586,1,consumables,0.0,0.0
11,616.884,CLPS,PAD_B,1,CoA,248.3,BASE,633.783,1,consumables,129.3,640.4
11,616.884,CLPS,PAD_B,2,CoC,20.0,BASE,631.123,1,consumables,10.0,241.3
11,1295.833,CLPS,PAD_A,3,CoC,71.2,BASE,1310.273,1,consumables,0.0,0.0
11,1295.833,CLPS,PAD_A,4,NASA,367.9,CONSTR,1310.357,2,equipment,0.0,0.0
11,1295.833,CLPS,PAD_A,5,CoC,71.6,DEPOT,1307.889,1,consumables,0.0,0.0
11,4479.777,MK1,PAD_B,6,NASA,68.4,DEPOT,4509.519,1,consumables,15.4,479.0
11,4479.777,MK1,PAD_B,7,NASA,333.7,BASE,4492.458,1,consumables,163.8,415.9
11,4479.777,MK1,PAD_B,8,NASA,167.2,BASE,4500.453,1,consumables,0.0,0.0
11,4479.777,MK1,PAD_B,9,CoC,313.8,BASE,4502.223,1,consumables,168.9,565.1
11,4479.777,MK1,PAD_B,10,CoA,1424.5,ISRU,4496.37,2,equipment,0.0,0.0
11,8131.129,CLPS,PAD_B,11,CoC,120.1,BASE,8137.766,2,science,0.0,0.0
11,8131.129,CLPS,PAD_B,12,CoB,37.4,BASE,8138.475,1,consumables,0.0,0.0
12,2019.541,CLPS,PAD_B,0,CoA,142.7,BASE,2030.199,1,consumables,66.8,688.0
12,3065.03,CLPS,PAD_A,1,CoC,378.5,BASE,3078.376,1,consumables,195.7,517.0
12,3065.03,CLPS,PAD_A,2,CoB,90.6,BASE,3088.301,1,consumables,39.9,371.4
12,4743.244,MK1,PAD_B,3,NASA,325.3,DEPOT,4769.65,1,consumables,0.0,0.0
12,4743.244,MK1,PAD_B,4,CoC,88.2,BASE,4778.221,2,science,0.0,0.0
12,4743.244,MK1,PAD_B,5,NASA,122.1,PSR,4757.704,2,science,0.0,0.0
12,4743.244,MK1,PAD_B,6,NASA,72.9,PSR,4762.98,2,science,0.0,0.0
12,4743.244,MK1,PAD_B,7,NASA,197.5,BASE,4779.337,1,consumables,110.0,536.9
12,4743.244,MK1,PAD_B,8,NASA,131.6,BASE,4763.937,1,consumables,0.0,0.0
12,4743.244,MK1,PAD_B,9,CoA,356.2,BASE,4771.298,1,consumables,0.0,0.0
12,4743.244,MK1,PAD_B,10,NASA,380.4,BASE,4759.595,1,consumables,0.0,0.0
12,4743.244,MK1,PAD_B,11,NASA,121.2,BASE,4775.855,2,science,31.5,233.5
12,4743.244,MK1,PAD_B,12,NASA,84.2,BASE,4774.796,1,consumables,0.0,0.0
12,4743.244,MK1,PAD_B,13,NASA,444.2,BASE,4763.625,1,consumables,0.0,0.0
12,5873.105,CLPS,PAD_A,14,CoA,176.9,BASE,5879.289,1,consumables,100.6,537.3
13,23.045,CLPS,PAD_A,0,CoB,26.4,BASE,33.514,2,science,0.0,0.0
13,23.045,CLPS,PAD_A,1,CoC,113.2,BASE,46.707,2,science,32.7,450.1
13,23.045,CLPS,PAD_A,2,CoA,123.9,BASE,42.852,1,consumables,0.0,0.0
13,3839.333,MK1,PAD_A,3,CoA,1074.8,POWER,3865.843,2,equipment,0.0,0.0
13,3839.333,MK1,PAD_A,4,NASA,1237.7,BASE,3872.58,2,equipment,0.0,0.0
13,5376.815,CLPS,PAD_B,5,CoA,101.6,SCI_1,5382.845,2,science,0.0,0.0
13,5376.815,CLPS,PAD_B,6,NASA,105.5,BASE,5399.415,1,consumables,0.0,0.0
13,7975.167,CLPS,PAD_B,7,NASA,174.9,BASE,7989.464,1,consumables,0.0,0.0
13,8291.04,CLPS,PAD_A,8,NASA,125.7,BASE,8306.994,2,science,0.0,0.0
14,269.985,MK1,PAD_A,0,CoB,70.0,DEPOT,300.218,1,consumables,0.0,0.0
14,269.985,MK1,PAD_A,1,CoC,115.6,SCI_1,299.811,2,science,31.6,221.2
14,269.985,MK1,PAD_A,2,CoB,777.4,ISRU,306.388,2,equipment,0.0,0.0
14,269.985,MK1,PAD_A,3,CoA,16.6,SCI_1,301.562,2,science,0.0,0.0
14,269.985,MK1,PAD_A,4,CoA,382.5,BASE,306.937,1,consumables,0.0,0.0
14,269.985,MK1,PAD_A,5,CoA,363.8,BASE,299.351,1,consumables,80.6,677.7
14,269.985,MK1,PAD_A,6,CoC,110.2,DEPOT,294.373,1,consumables,0.0,0.0
14,269.985,MK1,PAD_A,7,CoA,19.3,SCI_1,295.644,2,science,0.0,0.0
14,269.985,MK1,PAD_A,8,NASA,1016.0,BASE,284.542,1,consumables,0.0,0.0
14,556.82,CLPS,PAD_B,9,NASA,50.0,SCI_1,571.833,2,science,14.8,166.0
14,556.82,CLPS,PAD_B,10,NASA,147.6,BASE,565.191,1,consumables,0.0,0.0
14,556.82,CLPS,PAD_B,11,CoA,37.1,SCI_1,565.106,2,science,0.0,0.0
14,556.82,CLPS,PAD_B,12,CoA,20.8,PSR,575.842,2,science,0.0,0.0
14,556.82,CLPS,PAD_B,13,NASA,20.6,PSR,569.272,2,science,0.0,0.0
14,556.82,CLPS,PAD_B,14,NASA,143.8,DEPOT,565.75,1,consumables,0.0,0.0
14,2003.593,CLPS,PAD_B,15,NASA,138.1,SCI_1,2020.046,2,science,0.0,0.0
14,2003.593,CLPS,PAD_B,16,CoB,76.2,BASE,2015.219,1,consumables,0.0,0.0
14,2003.593,CLPS,PAD_B,17,NASA,35.3,BASE,2013.585,1,consumables,0.0,0.0
14,3493.127,CLPS,PAD_B,18,NASA,28.4,SCI_1,3499.364,2,science,0.0,0.0
14,3493.127,CLPS,PAD_B,19,CoC,156.4,BASE,3501.439,1,consumables,0.0,0.0
14,4442.919,CLPS,PAD_B,20,NASA,393.9,DEPOT,4460.165,1,consumables,215.5,576.1
14,5014.74,CLPS,PAD_B,21,NASA,288.3,BASE,5029.007,1,consumables,130.2,318.0
14,5666.634,CLPS,PAD_A,22,NASA,166.7,DEPOT,5677.396,1,consumables,0.0,0.0
14,5854.227,MK1,PAD_A,23,NASA,1007.0,ISRU,5885.075,2,equipment,555.5,550.2
14,5854.227,MK1,PAD_A,24,CoB,64.8,BASE,5885.861,1,consumables,36.9,340.9
14,5854.227,MK1,PAD_A,25,CoA,120.3,PSR,5868.912,2,science,0.0,0.0
14,5854.227,MK1,PAD_A,26,CoA,339.9,ISRU,5881.522,2,equipment,203.8,413.6
14,5854.227,MK1,PAD_A,27,NASA,145.5,DEPOT,5880.622,1,consumables,71.5,611.8
14,5854.227,MK1,PAD_A,28,NASA,84.4,BASE,5871.933,1,consumables,0.0,0.0
14,5854.227,MK1,PAD_A,29,CoB,118.1,SCI_1,5876.491,2,science,0.0,0.0
14,5854.227,MK1,PAD_A,30,NASA,229.7,BASE,5868.658,1,consumables,0.0,0.0
14,6447.861,CLPS,PAD_B,31,NASA,148.6,BASE,6464.09,1,consumables,0.0,0.0
14,6537.784,CLPS,PAD_A,32,CoB,81.7,PSR,6555.228,2,science,0.0,0.0
14,6537.784,CLPS,PAD_A,33,NASA,117.6,BASE,6559.565,1,consumables,0.0,0.0
15,160.534,MK1,PAD_A,0,NASA,142.3,SCI_1,195.749,2,science,0.0,0.0
15,160.534,MK1,PAD_A,1,NASA,914.6,ISRU,191.988,2,equipment,429.0,165.2
15,160.534,MK1,PAD_A,2,NASA,181.8,BASE,173.989,1,consumables,0.0,0.0
15,160.534,MK1,PAD_A,3,NASA,68.4,BASE,188.259,2,science,0.0,0.0
15,160.534,MK1,PAD_A,4,CoC,322.8,BASE,194.385,1,consumables,0.0,0.0
15,160.534,MK1,PAD_A,5,CoB,350.5,BASE,195.701,1,consumables,0.0,0.0
15,160.534,MK1,PAD_A,6,NASA,251.4,DEPOT,180.232,1,consumables,0.0,0.0
15,1281.11,CLPS,PAD_A,7,NASA,128.6,BASE,1294.369,1,consumables,46.7,276.8
15,5007.192,CLPS,PAD_A,8,NASA,164.2,BASE,5028.624,1,consumables,63.4,490.0
15,5007.192,CLPS,PAD_A,9,CoA,20.0,BASE,5031.368,1,consumables,0.0,0.0
15,6296.437,CLPS,PAD_B,10,CoB,333.8,BASE,6311.358,1,consumables,156.6,558.5
15,7789.251,MK1,PAD_A,11,CoA,257.7,BASE,7819.11,1,consumables,73.2,639.9
15,7789.251,MK1,PAD_A,12,NASA,1643.1,POWER,7808.359,2,equipment,0.0,0.0
15,7789.251,MK1,PAD_A,13,NASA,363.2,BASE,7802.155,1,consumables,0.0,0.0
15,8248.603,MK1,PAD_A,14,CoC,1183.4,CONSTR,8279.352,2,equipment,0.0,0.0
15,8248.603,MK1,PAD_A,15,NASA,342.9,POWER,8283.363,2,equipment,0.0,0.0
15,8248.603,MK1,PAD_A,16,CoB,601.1,CONSTR,8283.853,2,equipment,0.0,0.0
15,8248.603,MK1,PAD_A,17,NASA,575.1,ISRU,8267.441,2,equipment,0.0,0.0
15,8248.603,MK1,PAD_A,18,NASA,123.4,PSR,8270.577,2,science,0.0,0.0
15,8248.603,MK1,PAD_A,19,NASA,345.7,BASE,8270.814,1,consumables,0.0,0.0
16,189.698,CLPS,PAD_A,0,NASA,162.0,DEPOT,202.806,1,consumables,94.3,299.6
16,5444.419,CLPS,PAD_B,1,NASA,29.4,SCI_1,5457.864,2,science,0.0,0.0
16,5444.419,CLPS,PAD_B,2,NASA,315.3,POWER,5453.35,2,equipment,0.0,0.0
16,6093.665,MK1,PAD_A,3,CoB,931.0,CONSTR,6120.824,2,equipment,0.0,0.0
16,6093.665,MK1,PAD_A,4,CoA,381.5,BASE,6123.574,1,consumables,0.0,0.0
16,6093.665,MK1,PAD_A,5,CoC,1664.4,ISRU,6113.823,2,equipment,0.0,0.0
16,7661.78,CLPS,PAD_B,6,CoB,126.9,BASE,7681.645,1,consumables,0.0,0.0
16,7661.78,CLPS,PAD_B,7,CoA,30.6,BASE,7679.796,1,consumables,10.0,647.1
17,3379.819,CLPS,PAD_A,0,CoB,114.7,BASE,3388.787,1,consumables,0.0,0.0
17,3750.721,CLPS,PAD_A,1,CoB,138.8,BASE,3763.171,2,science,0.0,0.0
17,3750.721,CLPS,PAD_A,2,NASA,148.7,PSR,3768.828,2,science,0.0,0.0
17,3750.721,CLPS,PAD_A,3,CoA,49.1,PSR,3766.981,2,science,27.7,130.3
17,5355.366,CLPS,PAD_B,4,CoA,176.6,BASE,5374.255,1,consumables,0.0,0.0
17,5355.366,CLPS,PAD_B,5,NASA,47.7,BASE,5363.121,1,consumables,10.0,295.9
17,6450.74,CLPS,PAD_A,6,NASA,249.6,BASE,6466.096,1,consumables,69.8,391.4
17,8740.41,MK1,PAD_B,7,CoA,1488.8,POWER,8763.011,2,equipment,0.0,0.0
17,8740.41,MK1,PAD_B,8,NASA,160.5,BASE,8766.152,1,consumables,0.0,0.0
17,8740.41,MK1,PAD_B,9,NASA,144.7,DEPOT,8773.614,1,consumables,0.0,0.0
17,8740.41,MK1,PAD_B,10,NASA,1000.3,BASE,8770.294,1,consumables,0.0,0.0
18,4939.998,CLPS,PAD_B,0,NASA,225.4,DEPOT,4946.456,1,consumables,0.0,0.0
18,5644.252,CLPS,PAD_B,1,CoB,369.0,BASE,5650.385,1,consumables,0.0,0.0
18,8495.197,CLPS,PAD_B,2,CoB,87.1,PSR,8508.176,2,science,0.0,0.0
18,8495.197,CLPS,PAD_B,3,CoB,65.2,BASE,8503.604,1,consumables,32.0,195.4
19,2720.361,CLPS,PAD_A,0,CoA,276.8,BASE,2734.635,1,consumables,0.0,0.0
19,5372.028,MK1,PAD_A,1,CoB,143.6,SCI_1,5397.072,2,science,38.3,610.3
19,5372.028,MK1,PAD_A,2,NASA,105.0,SCI_1,5394.611,2,science,55.9,419.4
19,5372.028,MK1,PAD_A,3,CoB,1164.1,CONSTR,5386.83,2,equipment,618.1,205.5
19,5372.028,MK1,PAD_A,4,NASA,1046.8,ISRU,5386.31,2,equipment,0.0,0.0
19,5372.028,MK1,PAD_A,5,NASA,82.1,BASE,5407.722,1,consumables,0.0,0.0
19,5432.232,MK1,PAD_B,6,NASA,1112.7,ISRU,5466.598,2,equipment,645.7,482.5
19,5432.232,MK1,PAD_B,7,CoA,191.8,DEPOT,5458.607,1,consumables,0.0,0.0
19,5432.232,MK1,PAD_B,8,CoA,710.9,BASE,5456.315,1,consumables,420.9,714.2
19,6251.25,MK1,PAD_A,9,CoA,357.3,BASE,6267.677,1,consumables,0.0,0.0
19,6251.25,MK1,PAD_A,10,CoA,248.3,BASE,6280.637,1,consumables,0.0,0.0
19,6251.25,MK1,PAD_A,11,NASA,230.7,BASE,6265.772,1,consumables,0.0,0.0
19,6251.25,MK1,PAD_A,12,CoA,112.1,BASE,6282.064,1,consumables,0.0,0.0
19,6251.25,MK1,PAD_A,13,CoB,123.4,BASE,6271.123,2,science,29.6,251.5
19,6251.25,MK1,PAD_A,14,NASA,824.8,ISRU,6274.739,2,equipment,377.0,375.8
19,6251.25,MK1,PAD_A,15,CoA,266.7,BASE,6265.305,1,consumables,88.3,218.0
19,6251.25,MK1,PAD_A,16,CoA,87.7,BASE,6269.757,1,consumables,34.9,425.0
19,6251.25,MK1,PAD_A,17,NASA,460.8,DEPOT,6268.688,1,consumables,0.0,0.0
19,6291.303,CLPS,PAD_B,18,NASA,272.8,BASE,6300.263,1,consumables,121.8,570.1
19,6291.303,CLPS,PAD_B,19,NASA,222.7,BASE,6301.94,1,consumables,99.6,132.2
19,6841.258,CLPS,PAD_B,20,CoC,151.6,BASE,6858.016,1,consumables,0.0,0.0
20,3584.315,CLPS,PAD_A,0,CoA,389.7,ISRU,3591.635,2,equipment,203.8,608.0
20,3584.315,CLPS,PAD_A,1,NASA,172.2,BASE,3601.684,1,consumables,0.0,0.0
20,4578.049,CLPS,PAD_A,2,CoA,153.6,BASE,4585.551,1,consumables,54.0,275.5
21,984.651,CLPS,PAD_B,0,CoC,71.8,PSR,995.336,2,science,0.0,0.0
21,984.651,CLPS,PAD_B,1,NASA,102.1,BASE,1005.025,1,consumables,50.0,418.4
21,1727.408,CLPS,PAD_A,2,NASA,38.4,SCI_1,1733.664,2,science,21.8,547.0
21,1727.408,CLPS,PAD_A,3,NASA,282.5,DEPOT,1745.054,1,consumables,129.4,703.5
21,5887.239,CLPS,PAD_B,4,NASA,261.1,BASE,5893.453,1,consumables,87.7,649.4
21,5887.239,CLPS,PAD_B,5,NASA,122.2,BASE,5900.342,1,consumables,0.0,0.0
21,5921.604,CLPS,PAD_B,6,CoA,355.9,CONSTR,5941.283,2,equipment,0.0,0.0
21,5921.604,CLPS,PAD_B,7,NASA,44.7,BASE,5940.468,1,consumables,0.0,0.0
21,8394.414,CLPS,PAD_A,8,CoA,428.1,ISRU,8400.943,2,equipment,0.0,0.0
21,8394.414,CLPS,PAD_A,9,CoB,51.4,BASE,8414.574,2,science,0.0,0.0
21,8696.417,CLPS,PAD_B,10,CoA,104.1,DEPOT,8704.451,1,consumables,0.0,0.0
22,4023.793,CLPS,PAD_A,0,CoA,133.6,BASE,4036.436,1,consumables,0.0,0.0
22,4023.793,CLPS,PAD_A,1,NASA,36.2,SCI_1,4042.059,2,science,0.0,0.0
22,4023.793,CLPS,PAD_A,2,CoC,121.6,PSR,4032.267,2,science,0.0,0.0
22,4864.824,MK1,PAD_B,3,NASA,1013.3,CONSTR,4890.054,2,equipment,0.0,0.0
22,4864.824,MK1,PAD_B,4,CoA,380.6,BASE,4891.973,1,consumables,0.0,0.0
22,4864.824,MK1,PAD_B,5,CoC,293.0,BASE,4899.739,1,consumables,0.0,0.0
22,4864.824,MK1,PAD_B,6,CoC,94.9,PSR,4882.891,2,science,30.7,475.2
22,4864.824,MK1,PAD_B,7,NASA,1076.7,BASE,4888.703,1,consumables,638.1,321.3
22,5321.389,MK1,PAD_A,8,NASA,1610.5,POWER,5349.431,2,equipment,0.0,0.0
22,5321.389,MK1,PAD_A,9,NASA,329.5,BASE,5336.587,1,consumables,0.0,0.0
22,5321.389,MK1,PAD_A,10,CoC,1090.3,BASE,5337.325,2,equipment,0.0,0.0
22,5721.959,CLPS,PAD_B,11,NASA,318.9,BASE,5743.255,1,consumables,94.8,420.1
22,5721.959,CLPS,PAD_B,12,NASA,63.9,BASE,5736.414,2,science,15.4,573.4
22,5721.959,CLPS,PAD_B,13,CoA,32.0,BASE,5735.214,1,consumables,0.0,0.0
23,1767.585,CLPS,PAD_A,0,NASA,52.2,SCI_1,1784.831,2,science,0.0,0.0
23,1767.585,CLPS,PAD_A,1,CoA,73.3,BASE,1790.738,1,consumables,39.0,272.0
23,3058.535,MK1,PAD_B,2,NASA,1739.9,BASE,3082.48,2,equipment,459.4,418.7
23,3058.535,MK1,PAD_B,3,CoB,1063.9,ISRU,3094.106,2,equipment,0.0,0.0
23,5723.307,CLPS,PAD_A,4,NASA,456.1,CONSTR,5735.27,2,equipment,0.0,0.0
23,7476.284,CLPS,PAD_A,5,NASA,326.1,BASE,7488.525,1,consumables,116.4,680.6
23,7476.284,CLPS,PAD_A,6,NASA,170.9,DEPOT,7484.895,1,consumables,0.0,0.0
24,757.131,CLPS,PAD_B,0,NASA,110.2,SCI_1,776.013,2,science,0.0,0.0
24,757.131,CLPS,PAD_B,1,CoA,218.3,BASE,768.915,1,consumables,0.0,0.0
24,757.131,CLPS,PAD_B,2,CoA,28.6,BASE,766.254,1,consumables,0.0,0.0
24,2911.819,MK1,PAD_A,3,CoB,128.9,DEPOT,2945.554,1,consumables,0.0,0.0
24,2911.819,MK1,PAD_A,4,NASA,173.1,BASE,2941.307,1,consumables,0.0,0.0
24,2911.819,MK1,PAD_A,5,NASA,727.3,POWER,2940.209,2,equipment,375.1,315.0
24,2911.819,MK1,PAD_A,6,NASA,1162.4,BASE,2931.351,1,consumables,0.0,0.0
24,3313.668,MK1,PAD_B,7,CoA,1231.5,CONSTR,3331.221,2,equipment,0.0,0.0
24,3313.668,MK1,PAD_B,8,NASA,910.2,DEPOT,3341.84,1,consumables,0.0,0.0
24,6238.522,CLPS,PAD_A,9,CoA,145.4,DEPOT,6246.13,1,consumables,0.0,0.0
24,6504.083,CLPS,PAD_B,10,NASA,224.7,BASE,6515.391,1,consumables,0.0,0.0
24,7186.417,CLPS,PAD_B,11,NASA,315.8,DEPOT,7204.816,1,consumables,0.0,0.0
24,7657.261,CLPS,PAD_A,12,CoA,59.2,SCI_1,7669.245,2,science,18.4,514.8
24,7657.261,CLPS,PAD_A,13,NASA,115.7,BASE,7667.746,2,science,48.4,639.8
24,7657.261,CLPS,PAD_A,14,NASA,38.6,BASE,7673.541,1,consumables,16.6,262.0
25,1897.403,CLPS,PAD_B,0,NASA,177.2,BASE,1919.906,1,consumables,0.0,0.0
26,4855.946,MK1,PAD_A,0,NASA,144.7,PSR,4874.121,2,science,0.0,0.0
26,4855.946,MK1,PAD_A,1,NASA,367.5,BASE,4890.564,1,consumables,0.0,0.0
26,4855.946,MK1,PAD_A,2,CoA,298.7,BASE,4874.577,1,consumables,0.0,0.0
26,4855.946,MK1,PAD_A,3,CoA,19.1,PSR,4885.808,2,science,10.0,402.1
26,4855.946,MK1,PAD_A,4,CoC,96.5,BASE,4876.334,1,consumables,49.2,539.9
26,4855.946,MK1,PAD_A,5,CoB,311.5,BASE,4891.446,1,consumables,0.0,0.0
26,4855.946,MK1,PAD_A,6,CoA,1167.7,CONSTR,4889.509,2,equipment,335.4,699.7
26,4855.946,MK1,PAD_A,7,NASA,131.2,SCI_1,4874.602,2,science,38.7,416.4
26,6244.638,CLPS,PAD_A,8,CoA,169.8,BASE,6262.166,1,consumables,0.0,0.0
26,6244.638,CLPS,PAD_A,9,CoA,263.1,BASE,6266.85,1,consumables,80.9,321.5
26,7122.889,CLPS,PAD_B,10,NASA,97.6,SCI_1,7143.909,2,science,0.0,0.0
26,7122.889,CLPS,PAD_B,11,CoA,103.1,BASE,7145.46,1,consumables,50.2,331.5
26,7122.889,CLPS,PAD_B,12,CoC,49.4,SCI_1,7129.55,2,science,15.5,343.0
26,7122.889,CLPS,PAD_B,13,CoA,160.4,DEPOT,7138.156,1,consumables,0.0,0.0
27,87.768,CLPS,PAD_B,0,NASA,242.1,BASE,105.415,1,consumables,0.0,0.0
27,6917.486,CLPS,PAD_A,1,CoA,117.9,PSR,6940.947,2,science,44.1,329.3
27,7536.998,MK1,PAD_A,2,CoC,350.7,BASE,7560.148,1,consumables,148.6,123.3
27,7536.998,MK1,PAD_A,3,NASA,100.6,SCI_1,7572.057,2,science,0.0,0.0
27,7536.998,MK1,PAD_A,4,CoB,107.7,BASE,7571.57,1,consumables,40.7,663.3
27,7536.998,MK1,PAD_A,5,NASA,461.8,ISRU,7566.161,2,equipment,176.4,151.7
27,7536.998,MK1,PAD_A,6,NASA,1553.8,ISRU,7564.937,2,equipment,0.0,0.0
27,7536.998,MK1,PAD_A,7,NASA,325.3,BASE,7562.676,1,consumables,0.0,0.0
27,7945.934,MK1,PAD_A,8,CoA,681.2,BASE,7975.645,2,equipment,0.0,0.0
27,7945.934,MK1,PAD_A,9,CoA,390.9,BASE,7974.247,1,consumables,0.0,0.0
27,7945.934,MK1,PAD_A,10,NASA,399.3,BASE,7978.972,1,consumables,160.8,395.5
27,7945.934,MK1,PAD_A,11,NASA,390.8,BASE,7976.456,1,consumables,0.0,0.0
27,7945.934,MK1,PAD_A,12,NASA,791.9,CONSTR,7974.144,2,equipment,333.0,252.2
27,8157.416,CLPS,PAD_A,13,NASA,282.3,BASE,8169.83,1,consumables,0.0,0.0
28,2885.676,CLPS,PAD_B,0,CoA,303.4,CONSTR,2902.531,2,equipment,149.8,407.1
28,2885.676,CLPS,PAD_B,1,NASA,20.0,DEPOT,2909.22,1,consumables,10.0,206.5
28,3010.882,MK1,PAD_B,2,CoA,142.2,PSR,3038.529,2,science,0.0,0.0
28,3010.882,MK1,PAD_B,3,CoC,353.7,DEPOT,3024.739,1,consumables,0.0,0.0
28,3010.882,MK1,PAD_B,4,NASA,1204.3,BASE,3046.944,2,equipment,0.0,0.0
28,3010.882,MK1,PAD_B,5,CoB,126.3,BASE,3039.734,1,consumables,0.0,0.0
28,3010.882,MK1,PAD_B,6,NASA,648.5,BASE,3032.997,1,consumables,0.0,0.0
28,4665.678,CLPS,PAD_B,7,CoB,120.0,DEPOT,4684.032,1,consumables,0.0,0.0
28,7673.793,CLPS,PAD_A,8,NASA,259.4,BASE,7690.601,1,consumables,0.0,0.0
28,8329.705,CLPS,PAD_A,9,NASA,254.3,BASE,8342.653,1,consumables,0.0,0.0
28,8432.18,MK1,PAD_A,10,CoA,215.6,BASE,8462.308,1,consumables,0.0,0.0
28,8432.18,MK1,PAD_A,11,NASA,1810.9,CONSTR,8461.366,2,equipment,0.0,0.0
28,8432.18,MK1,PAD_A,12,NASA,25.8,SCI_1,8462.983,2,science,0.0,0.0
28,8432.18,MK1,PAD_A,13,NASA,110.1,BASE,8447.635,2,science,0.0,0.0
28,8432.18,MK1,PAD_A,14,CoB,246.4,BASE,8446.517,1,consumables,0.0,0.0
28,8432.18,MK1,PAD_A,15,CoA,175.5,BASE,8462.639,1,consumables,0.0,0.0
29,205.439,MK1,PAD_A,0,NASA,1970.7,POWER,221.915,2,equipment,0.0,0.0
29,205.439,MK1,PAD_A,1,NASA,14.0,BASE,229.532,2,science,10.0,703.0
29,205.439,MK1,PAD_A,2,NASA,803.4,BASE,227.093,1,consumables,0.0,0.0
29,1131.982,CLPS,PAD_B,3,NASA,250.9,DEPOT,1138.76,1,consumables,0.0,0.0
29,1131.982,CLPS,PAD_B,4,NASA,142.1,BASE,1153.953,1,consumables,0.0,0.0
29,2323.18,CLPS,PAD_A,5,NASA,122.0,BASE,2332.788,1,consumables,0.0,0.0
29,2323.18,CLPS,PAD_A,6,NASA,52.5,SCI_1,2330.769,2,science,0.0,0.0
29,2323.18,CLPS,PAD_A,7,NASA,29.9,BASE,2343.372,2,science,10.0,267.2
29,2323.18,CLPS,PAD_A,8,NASA,152.8,BASE,2346.927,1,consumables,0.0,0.0
