exp,phase,capacity_kg,movable_mass_share,movable_item_share,n_items
E12,P1,300,0.3328355695785638,0.7162688748173405,4106
E12,P1,500,0.5655947512583774,0.8935703848027278,4106
E12,P1,800,0.6342897060921013,0.9230394544568924,4106
E12,P1,1000,0.682669404434172,0.9378957622990746,4106
E12,P1,1500,0.8568322189989038,0.9771066731612275,4106
E12,P1,1600,0.886826313546055,0.9824646858256211,4106
E12,P1,2000,1.0,1.0,4106
E12,P1,2500,1.0,1.0,4106
E12,P1,3000,1.0,1.0,4106
E12,P1,4000,1.0,1.0,4106
E12,P1,4500,1.0,1.0,4106
E12,P1,5000,1.0,1.0,4106
E12,P1,6000,1.0,1.0,4106
E12,P1,8000,1.0,1.0,4106
E12,P1,10000,1.0,1.0,4106
E12,P1,12000,1.0,1.0,4106
E12,P1,13000,1.0,1.0,4106
E12,P1,15000,1.0,1.0,4106
E12,P1,20000,1.0,1.0,4106
E12,P1,30000,1.0,1.0,4106
E12,P2,300,0.10692962839222307,0.5846050645648163,11926
E12,P2,500,0.18480010695098498,0.7388898205601208,11926
E12,P2,800,0.23069580135306844,0.7893677679020628,11926
E12,P2,1000,0.2649867661103581,0.816786852255576,11926
E12,P2,1500,0.376416240652537,0.8816870702666443,11926
E12,P2,1600,0.39866364307401286,0.8920006708032869,11926
E12,P2,2000,0.5013789220436452,0.9332550729498574,11926
E12,P2,2500,0.5237386993259986,0.9403823578735536,11926
E12,P2,3000,0.5523344438308364,0.9478450444407177,11926
E12,P2,4000,0.6134544784971703,0.9605064564816368,11926
E12,P2,4500,0.6411710642950224,0.9652020794901895,11926
E12,P2,5000,0.680984665317423,0.9712393090726145,11926
E12,P2,6000,0.7768418579728363,0.9837330202917994,11926
E12,P2,8000,0.8246369846677392,0.9886801945329532,11926
E12,P2,10000,0.8780526366987371,0.9929565654871709,11926
E12,P2,12000,0.9202442929753727,0.9957236290457824,11926
E12,P2,13000,0.9494234017111476,0.9974006372631226,11926
E12,P2,15000,1.0,1.0,11926
E12,P2,20000,1.0,1.0,11926
E12,P2,30000,1.0,1.0,11926
E12,P3,300,0.07045778160949538,0.5240807174887893,22300
E12,P3,500,0.12500484734126735,0.6725112107623319,22300
E12,P3,800,0.1583374395122709,0.722914798206278,22300
E12,P3,1000,0.18583286448710187,0.7533183856502242,22300
E12,P3,1500,0.27612213485551484,0.8251121076233184,22300
E12,P3,1600,0.294990334773868,0.8371748878923767,22300
E12,P3,2000,0.3854037510486404,0.8870403587443946,22300
E12,P3,2500,0.41100768907780727,0.8983408071748878,22300
E12,P3,3000,0.44421860090328313,0.9102242152466368,22300
E12,P3,4000,0.5221519390394318,0.9321973094170404,22300
E12,P3,4500,0.5702057155347287,0.943408071748879,22300
E12,P3,5000,0.6208956626363966,0.9539461883408071,22300
E12,P3,6000,0.724138019564433,0.9725112107623318,22300
E12,P3,8000,0.777336424930009,0.9800448430493274,22300
E12,P3,10000,0.8492983487765923,0.9879372197309417,22300
E12,P3,12000,0.911266337042471,0.9934977578475336,22300
E12,P3,13000,0.9407578734390354,0.9958295964125561,22300
E12,P3,15000,1.0,1.0,22300
E12,P3,20000,1.0,1.0,22300
E12,P3,30000,1.0,1.0,22300
