phase,metric,mkt_minus_greedy,ci95,rel_%
P1,delay_prio1_p90_h,-2.880758083676009,6.492081407310532,-9.572147795828613
P1,delay_prio1_mean_h,-1.0751444664842253,1.2980949822147294,-8.55901778191077
P1,jobs,-3.3,0.8671690497933722,-4.177215189873418
P1,operator_hours,-7.548747513582458,11.496026097011796,-11.715119408265366
P1,stranded_share,-0.1533340136908479,0.07161188971455083,-100.0
P1,night_strandings,-0.16666666666666666,0.16501433816722194,-99.99999999999999
P2,delay_prio1_p90_h,-4.8556211412855665,4.64284937474193,-23.99583835060928
P2,delay_prio1_mean_h,-1.6588858982140209,1.1540631241154848,-21.81027257274853
P2,jobs,-25.0,2.1532333345700017,-4.513178481165002
P2,operator_hours,-19.89596665912143,21.478810432265266,-4.150843211273833
P2,stranded_share,-0.06813055833769789,0.04647087316481283,-70.78121293805987
P2,night_strandings,-1.1666666666666667,0.3768768612987212,-89.74358974358974
P3,delay_prio1_p90_h,-1.0647540298695732,1.1208405760345863,-11.08900904789669
P3,delay_prio1_mean_h,-0.8243826831731776,0.7053855227781639,-16.4327811938862
P3,jobs,-125.16666666666667,3.1661050197630187,-7.387660344691903
P3,operator_hours,262.5409569448458,28.763779859248668,34.26572911633805
P3,stranded_share,-0.1662028404149343,0.06290300693619846,-100.0
P3,night_strandings,-3.966666666666667,0.6742869768897106,-95.96774193548387
