phase,mechanism,delivered_share,stranded_share,delay_prio1_mean_h,delay_prio1_p90_h,sl24_prio1,delay_mean_bulk,jobs,utilisation,empty_km_share,operator_hours,night_strandings,cost_per_kg_usd
P1,In-house fleets,0.964 ± 0.013,0.153 ± 0.072,19.9 ± 6.5,42.5 ± 12,0.734 ± 0.086,19.1 ± 1.1,78 ± 4.6,0.00656 ± 0.001,0.483 ± 0.0054,61.3 ± 16,0.233 ± 0.15,3.05e+03 ± 89
P1,Pooled greedy,0.975 ± 0.011,0.153 ± 0.072,12.6 ± 5.4,30.1 ± 13,0.88 ± 0.066,11.8 ± 0.88,79 ± 5,0.0064 ± 0.0011,0.488 ± 0.0059,64.4 ± 18,0.167 ± 0.17,3.02e+03 ± 98
P1,Batched assignment,0.975 ± 0.011,0.153 ± 0.072,12.5 ± 5.2,27.2 ± 12,0.885 ± 0.066,11.8 ± 0.92,79 ± 5,0.00618 ± 0.00092,0.492 ± 0.0052,59.4 ± 15,0.133 ± 0.12,3.01e+03 ± 98
P1,Marketplace (ours),1 ± 0,0 ± 0,11.5 ± 4.7,27.2 ± 12,0.89 ± 0.06,35.4 ± 0.85,75.7 ± 4.8,0.00594 ± 0.00079,0.49 ± 0.0052,56.9 ± 12,0 ± 0,2.94e+03 ± 1.1e+02
P1,Unconstrained fleet (bound),1 ± 1.5e-17,0 ± 0,2.01 ± 0.21,2.72 ± 0.49,1 ± 0,26.5 ± 0.46,78.6 ± 5.3,0.00103 ± 0.0001,0.423 ± 0.013,7.14 ± 0.68,0 ± 0,2.24e+04 ± 8.6e+02
P2,In-house fleets,0.971 ± 0.008,0.0963 ± 0.056,16.2 ± 4.5,49.1 ± 14,0.818 ± 0.051,12.3 ± 0.3,548 ± 8.1,0.0228 ± 0.001,0.492 ± 0.0014,361 ± 27,1.3 ± 0.35,489 ± 3.6
P2,Pooled greedy,0.993 ± 0.0038,0.0963 ± 0.056,7.61 ± 2.3,20.2 ± 8.4,0.921 ± 0.041,4.27 ± 0.14,554 ± 9.3,0.0304 ± 0.0013,0.492 ± 0.0015,479 ± 32,1.3 ± 0.38,478 ± 6.4
P2,Batched assignment,0.993 ± 0.0038,0.0963 ± 0.056,7.46 ± 2.1,18.7 ± 8.2,0.929 ± 0.039,4.58 ± 0.12,554 ± 9.3,0.0282 ± 0.00094,0.495 ± 0.00099,431 ± 19,1.43 ± 0.32,478 ± 6.4
P2,Marketplace (ours),0.998 ± 0.0024,0.0281 ± 0.039,5.95 ± 1.7,15.4 ± 7.3,0.952 ± 0.032,23.4 ± 0.15,529 ± 8.4,0.0266 ± 0.00089,0.497 ± 0.0012,459 ± 24,0.133 ± 0.12,475 ± 6.9
P2,Unconstrained fleet (bound),0.999 ± 0.00033,0 ± 0,2.25 ± 0.19,3.54 ± 0.55,1 ± 0,22.3 ± 0.072,542 ± 9.3,0.00779 ± 0.0002,0.477 ± 0.0032,54.4 ± 1.4,0 ± 0,1.47e+03 ± 21
P3,In-house fleets,0.99 ± 0.0025,0.166 ± 0.063,9.43 ± 1.5,22.7 ± 6,0.895 ± 0.03,7.34 ± 0.37,1.69e+03 ± 12,0.0651 ± 0.0012,0.511 ± 0.0011,894 ± 25,3.87 ± 0.65,267 ± 1.9
P3,Pooled greedy,0.992 ± 0.0023,0.166 ± 0.063,5.02 ± 1,9.6 ± 3.1,0.974 ± 0.021,3.16 ± 0.067,1.69e+03 ± 12,0.0632 ± 0.0012,0.497 ± 0.001,766 ± 26,4.13 ± 0.66,266 ± 2
P3,Batched assignment,0.992 ± 0.0023,0.166 ± 0.063,5.01 ± 0.96,9.28 ± 3,0.972 ± 0.022,3.52 ± 0.071,1.69e+03 ± 12,0.0602 ± 0.0013,0.509 ± 0.0011,765 ± 29,4.27 ± 0.76,266 ± 2
P3,Marketplace (ours),0.999 ± 0.00022,0 ± 0,4.19 ± 0.83,8.54 ± 3,0.975 ± 0.018,16.9 ± 0.069,1.57e+03 ± 13,0.0584 ± 0.00077,0.519 ± 0.0011,1.03e+03 ± 29,0.167 ± 0.14,264 ± 2.2
P3,Unconstrained fleet (bound),0.999 ± 0.00023,0 ± 0,2.37 ± 0.21,3.98 ± 0.66,1 ± 0,16.1 ± 0.037,1.6e+03 ± 12,0.0258 ± 0.00027,0.488 ± 0.0018,181 ± 1.9,0 ± 0,493 ± 4.1
