a,b,metric,n_common,mean_diff_b_minus_a,half_width_99,distinguishable
inhouse,pooled_greedy,delay_prio1_mean_h,32484,-7.212394695686399,0.09619608274955826,True
inhouse,pooled_greedy,delay_prio1_p90_h,32484,-21.354079766123302,0.3219312290840738,True
inhouse,pooled_greedy,sl24_prio1,32484,0.10112923995601748,0.001562400384510011,True
inhouse,central_assign,delay_prio1_mean_h,32484,-7.087922005852229,0.09851130472299688,True
inhouse,central_assign,delay_prio1_p90_h,32484,-21.801072438410348,0.32811900910491,True
inhouse,central_assign,sl24_prio1,32484,0.10495236130138678,0.0015750023213886954,True
inhouse,marketplace,delay_prio1_mean_h,32484,-8.210302934762277,0.10614382026264856,True
inhouse,marketplace,delay_prio1_p90_h,32484,-23.574604088938234,0.3481316222534318,True
inhouse,marketplace,sl24_prio1,32484,0.11677806822990658,0.0016252025515561099,True
pooled_greedy,central_assign,delay_prio1_mean_h,45481,0.10920925220764002,0.029236837345441476,True
pooled_greedy,central_assign,delay_prio1_p90_h,45481,-0.5064185022201231,0.10737845672552832,True
pooled_greedy,central_assign,sl24_prio1,45481,0.0039851212765690544,0.0006304923356736525,True
pooled_greedy,marketplace,delay_prio1_mean_h,51977,-1.0129447147929826,0.03511462070244958,True
pooled_greedy,marketplace,delay_prio1_p90_h,51977,-2.2981212615622595,0.12174958735152051,True
pooled_greedy,marketplace,sl24_prio1,51977,0.015888819305391422,0.0006887414706651655,True
central_assign,marketplace,delay_prio1_mean_h,45481,-1.126061055675026,0.033389159421088686,True
central_assign,marketplace,delay_prio1_p90_h,45481,-1.7973748646454748,0.11790695171132996,True
central_assign,marketplace,sl24_prio1,45481,0.011923860727770758,0.0006896089444872824,True
